personId,name,birthYear,primaryProfession
nm1436693,A.R. Murugadoss,1974,writer
nm0451148,Aamir Khan,1965,actor
nm0086431,Aaron Blaise,1968,animation_department
nm5278146,Aaron Hann,,director
nm1739338,Aaron Horvath,1980,director
nm1823264,Aaron Moorhead,1987,producer
nm1887480,Aaron Nee,,animation_department
nm0773689,Aaron Schneider,,director
nm0783536,Aaron Seltzer,1974,writer
nm0815070,Aaron Sorkin,1961,writer
nm0463359,Abby Kohn,1971,writer
nm0444244,Abdellatif Kechiche,1960,writer
nm0001206,Abel Ferrara,1951,director
nm2391751,Abhishek Pathak,1987,writer
nm1437652,Adam B. Stein,,director
nm0111845,Adam Brooks,,writer
nm0254178,Adam Elliot,1972,director
nm1697112,Adam Green,1975,director
nm0570912,Adam McKay,1968,producer
nm1519639,Adam Nee,,actor
nm1726691,Adam Randall,1982,director
nm0733263,Adam Robitel,,director
nm0788202,Adam Shankman,1964,producer
nm1417392,Adam Wingard,1982,director
nm4205110,Adesh Prasad,,producer
nm4816401,Adil El Arbi,1988,director
nm0159147,Aditya Chopra,1971,producer
nm2336554,Aditya Dhar,1983,writer
nm0344496,Adrian Grunberg,,director
nm0001490,Adrian Lyne,1941,director
nm2937122,Adrian Molina,,miscellaneous
nm0791248,Adrienne Shelly,1966,actress
nm2378914,Advait Chandan,1987,director
nm4139472,Afonso Poyart,1979,director
nm3675099,Ajay Singh,,director
nm0000041,Akira Kurosawa,1910,writer
nm0326040,Akiva Goldsman,1962,producer
nm1676223,Akiva Schaffer,1977,writer
nm0149260,Alain Chabat,1958,writer
nm0001587,Alan J. Pakula,1928,producer
nm0538320,Alan Mak,1965,director
nm0000570,Alan Parker,1944,director
nm0693561,Alan Poul,,producer
nm0851930,Alan Taylor,1965,director
nm0400436,Albert Hughes,1972,producer
nm0073688,Alec Berg,1969,producer
nm0002159,Alejandro Agresti,1961,director
nm0024622,Alejandro Amenábar,1972,writer
nm0327944,Alejandro G. Iñárritu,1963,director
nm0423524,Alejandro Jodorowsky,1929,writer
nm1920049,Alejandro Monteverde,1977,director
nm5507490,Aleksander Bach,1980,director
nm1868917,Alessandro Carloni,,animation_department
nm0307497,Alex Garland,1970,writer
nm0476064,Alex Kurtzman,1973,producer
nm0001639,Alex Proyas,1963,director
nm3659547,Alex Scharfman,,producer
nm0668247,Alexander Payne,1961,producer
nm0936838,Alexander Witt,1952,camera_department
nm0014960,Alexandre Aja,1978,director
nm0734319,Alexandre Rockwell,1956,director
nm0190859,Alfonso Cuarón,1961,writer
nm0004234,Alfonso Gomez-Rejon,,producer
nm0000033,Alfred Hitchcock,1899,director
nm1804614,Ali Abbas Zafar,1982,writer
nm4389150,Ali Abbasi,1981,director
nm0340958,Alister Grierson,,director
nm0610496,Allan Moyle,1947,director
nm0002339,Allen Coulter,1945,director
nm0400441,Allen Hughes,1972,director
nm0025978,Allison Anders,1954,director
nm3809021,Alper Caglar,1981,producer
nm8552307,Amit Joshi,,writer
nm2279430,Amit Ravindernath Sharma,1978,director
nm0002132,Amy Heckerling,,writer
nm1628153,Anand Gandhi,1980,writer
nm0875793,Anand Tucker,1963,producer
nm0421314,Anders Thomas Jensen,1972,writer
nm0036349,Andrea Arnold,1961,actress
nm0464846,Andrei Konchalovsky,1937,writer
nm0001789,Andrei Tarkovsky,1932,miscellaneous
nm0011470,Andrew Adamson,1966,producer
nm0000921,Andrew Bergman,1945,writer
nm0001112,Andrew Davis,1946,director
nm0231596,Andrew Dominik,1967,director
nm1497918,Andrew Douglas,,director
nm0281598,Andrew Fleming,1965,director
nm0354091,Andrew Haigh,,director
nm1285613,Andrew Jarecki,1963,music_department
nm1157527,Andrew Jay Cohen,1977,writer
nm0554249,Andrew Marton,1904,director
nm0629272,Andrew Niccol,1964,writer
nm0004056,Andrew Stanton,1965,writer
nm1168657,Andrey Zvyagintsev,1964,director
nm0005647,Andrzej Bartkowiak,,cinematographer
nm0782900,Andrzej Sekula,,cinematographer
nm0958558,Andrzej Zulawski,1940,writer
nm0004217,André Øvredal,1973,director
nm0275698,Andy Fickman,,producer
nm0615592,Andy Muschietti,1973,producer
nm0785227,Andy Serkis,1964,actor
nm0855035,Andy Tennant,1955,producer
nm0063357,Anees Bazmee,1962,writer
nm3792134,Aneesh Chaganty,,writer
nm0000487,Ang Lee,1954,director
nm3924049,Angel Manuel Soto,1983,director
nm1286340,Angela Robinson,1971,producer
nm0001401,Angelina Jolie,1975,actress
nm0533691,Angus MacLane,1975,animation_department
nm2287772,Aniruddha Roy Chowdhury,1965,director
nm1349818,Anna Boden,1979,director
nm0283816,Anna Foerster,,director
nm0447695,Anna Kendrick,1985,actress
nm0417708,Annabel Jankel,1955,director
nm0281945,Anne Fletcher,1966,miscellaneous
nm2377436,Anouk Whissell,,director
nm2285536,Anthony Maras,,producer
nm0005237,Anthony Minghella,1954,script_department
nm0751577,Anthony Russo,1970,producer
nm0820934,Anthony Stacchi,,animation_department
nm0298807,Antoine Fuqua,1965,producer
nm0179221,Anton Corbijn,1955,director
nm1290515,Antonio Campos,1983,producer
nm0388817,Antony Hoffman,,director
nm1025280,Anubhav Sinha,1965,director
nm1397301,Anurag Basu,1974,director
nm0440604,Anurag Kashyap,1972,producer
nm13040033,Aradhana Sah,,writer
nm4170048,Ari Aster,1986,producer
nm0284369,Ari Folman,1962,writer
nm1847738,Ari Sandel,,director
nm1413364,Ariel Schulman,1981,writer
nm1033517,Ariel Vromen,1973,director
nm6674331,Arkasha Stevenson,,director
nm0406334,Armando Iannucci,1963,writer
nm0828245,Art Stevens,1915,animation_department
nm0204190,Arthur Davis,1905,director
nm0002137,Arthur Hiller,1923,director
nm0671957,Arthur Penn,1922,director
nm1300606,Asger Leth,,writer
nm1410815,Asghar Farhadi,1972,writer
nm0105169,Ash Brannon,1969,writer
nm0332950,Ashutosh Gowariker,1964,director
nm0438090,Asif Kapadia,1972,producer
nm5961051,Atlee,1983,writer
nm0000382,Atom Egoyan,1960,director
nm0920108,Audrey Wells,1960,script_department
nm2127315,Autumn de Wilde,1970,director
nm1148550,Ava DuVernay,1972,writer
nm2209781,Ayan Mukerji,1983,director
nm0619836,Babak Najafi,1975,director
nm2040704,Balakrishnan Thevar,,assistant_director
nm0466349,Baltasar Kormákur,1966,producer
nm1802294,Banjong Pisanthanakun,1979,writer
nm2612991,Banksy,,art_department
nm2171633,Baran bo Odar,1978,writer
nm1705578,Barbara Bialowas,1978,director
nm0775447,Barbet Schroeder,1941,director
nm0176905,Barry Cook,1958,director
nm1503575,Barry Jenkins,1979,producer
nm0001469,Barry Levinson,1942,producer
nm0001756,Barry Sonnenfeld,1953,producer
nm0294505,Bart Freundlich,1970,director
nm1717925,Bart Layton,,producer
nm0525303,Baz Luhrmann,1962,writer
nm0452319,Beeban Kidron,1961,director
nm0000255,Ben Affleck,1972,producer
nm1229520,Ben Falcone,1973,actor
nm3262170,Ben Howling,,producer
nm1414582,Ben Palmer,,director
nm0789313,Ben Sharpsteen,1895,animation_department
nm0001774,Ben Stiller,1965,producer
nm1296554,Ben Wheatley,1972,director
nm1587778,Ben Young,,director
nm0950226,Ben Younger,1972,director
nm1022455,Benh Zeitlin,1982,director
nm0587955,Bennett Miller,1966,director
nm1509478,Benny Safdie,1986,writer
nm0741262,Bernard Rose,1960,director
nm0000934,Bernardo Bertolucci,1941,writer
nm0926919,Bernhard Wicki,1919,actor
nm0858525,Betty Thomas,1947,actress
nm0074426,Bibo Bergeron,1965,art_department
nm4263190,Bilall Fallah,1986,director
nm0174374,Bill Condon,1955,director
nm0004886,Bill Duke,1943,actor
nm0000200,Bill Paxton,1955,actor
nm0730860,Bill Roberts,1899,director
nm0000671,Billy Bob Thornton,1955,actor
nm0712753,Billy Ray,,writer
nm0000697,Billy Wilder,1906,writer
nm0825407,Björn Stein,1970,director
nm0001175,Blake Edwards,1922,writer
nm1720336,Blessy,,assistant_director
nm3102998,Bo Burnham,1990,actor
nm0919514,Bo Welch,1951,production_designer
nm0945026,Boaz Yakin,1965,writer
nm0163706,Bob Clark,1939,director
nm0002080,Bob Fosse,1927,miscellaneous
nm0644022,Bob Odenkirk,1962,writer
nm2130108,Bob Persichetti,1970,director
nm0677037,Bob Peterson,1961,actor
nm0125803,Bobby Farrelly,1958,producer
nm0001281,Bobcat Goldthwait,1962,director
nm0094435,Bong Joon Ho,1969,writer
nm1108556,Boots Riley,1971,writer
nm0456631,Boyd Kirkland,1950,art_department
nm1556070,Brad Ableson,1975,director
nm0026442,Brad Anderson,1964,director
nm0083348,Brad Bird,1957,miscellaneous
nm1026778,Brad Furman,,director
nm0679031,Brad Peyton,1978,producer
nm0797869,Brad Silberling,1963,director
nm0506977,Bradford Lewis,,producer
nm0177896,Bradley Cooper,1975,actor
nm1783713,Bradley King,,director
nm0662086,Bradley Parker,,visual_effects
nm1227232,Brady Corbet,1988,actor
nm0188722,Brandon Cronenberg,1980,director
nm0252135,Breck Eisner,1970,director
nm0152312,Brenda Chapman,1962,animation_department
nm0711840,Brett Ratner,1969,producer
nm0200380,Brian Dannelly,,producer
nm0000361,Brian De Palma,1940,director
nm3929259,Brian Duffield,1985,writer
nm0270263,Brian Fee,1975,animation_department
nm0404606,Brian G. Hutton,1929,actor
nm0001338,Brian Helgeland,,director
nm0005008,Brian Henson,1963,producer
nm1047532,Brian Kirk,1968,director
nm0460206,Brian Klugman,1975,actor
nm0505152,Brian Levant,1952,writer
nm1301264,Brian Mulroney,,animation_department
nm1093053,Brian Percival,,director
nm0005367,Brian Robbins,1963,producer
nm0962729,Brian Taylor,,writer
nm0262595,Bruce A. Evans,1946,writer
nm0000915,Bruce Beresford,1940,director
nm0732430,Bruce Robinson,1946,actor
nm0863622,Bruce Timm,1961,animation_department
nm0687913,Bruno Podalydès,1961,actor
nm1052162,Bryan Bertino,1977,writer
nm2406731,Bryan Fogel,,producer
nm0001741,Bryan Singer,1965,producer
nm1456816,Bryan Woods,1984,writer
nm0887174,Buddy Van Horn,1928,stunts
nm0560329,Burny Mattinson,1935,writer
nm0824882,Burr Steers,1965,director
nm0000036,Buster Keaton,1895,actor
nm0397174,Byron Howard,1968,director
nm1637876,Cameron Cairnes,,editor
nm0001081,Cameron Crowe,1957,writer
nm0002083,Carl Franklin,1949,actor
nm0005348,Carl Reiner,1922,writer
nm0727754,Carl Rinsch,,director
nm0003433,Carl Theodor Dreyer,1889,writer
nm2788015,Carlos López Estrada,1988,director
nm3582089,Carlos Martínez López,,animation_department
nm0757858,Carlos Saldanha,1965,writer
nm0715346,Carol Reed,1906,director
nm2127650,Carter Smith,,director
nm1560977,Cary Joji Fukunaga,1977,producer
nm0795153,Cate Shortland,1968,director
nm0362566,Catherine Hardwicke,1955,director
nm4014166,Cathy Yan,,director
nm0001124,Cecil B. DeMille,1881,producer
nm1031639,Cedric Nicolas-Troyan,1969,director
nm3961122,Celine Held,,director
nm10227660,Celine Song,1988,writer
nm0821432,Chad Stahelski,1968,stunts
nm2318753,Chad Villella,,producer
nm6649966,Chandoo Mondeti,,director
nm1363374,Chandra Prakash Dwivedi,1960,director
nm1475594,Channing Tatum,1980,actor
nm4146781,Charise Castro Smith,,producer
nm0000122,Charles Chaplin,1889,writer
nm0187769,Charles Crichton,1910,director
nm2480587,Charles Ferguson,1955,producer
nm0345294,Charles Guard,,director
nm0379237,Charles Herman-Wurmfeld,1966,director
nm0001452,Charles Laughton,1899,actor
nm0796124,Charles Shyer,1941,writer
nm0442109,Charlie Kaufman,1958,writer
nm3834799,Charlotte Wells,1987,producer
nm0514906,Chia-Liang Liu,1936,actor
nm0252230,Chiwetel Ejiofor,1977,actor
nm3013234,Chloe Okuno,1987,director
nm2125482,Chloé Zhao,1982,director
nm1128050,Chris Addison,1971,director
nm2282774,Chris Appelhans,1980,animation_department
nm0118333,Chris Buck,1958,animation_department
nm2752098,Chris Butler,1974,animation_department
nm0004810,Chris Carter,1956,producer
nm0001060,Chris Columbus,1958,producer
nm0262635,Chris Evans,1981,actor
nm0329755,Chris Gorak,1969,production_designer
nm0448900,Chris Kentis,,director
nm0003021,Chris McKay,1973,director
nm1844237,Chris Miller,1968,actor
nm0619599,Chris Nahon,1968,director
nm0003088,Chris Noonan,1952,writer
nm2577199,Chris Peckover,,writer
nm0719208,Chris Renaud,,producer
nm0761498,Chris Sanders,1962,writer
nm0807687,Chris Smith,1970,director
nm0917188,Chris Wedge,1957,actor
nm0919363,Chris Weitz,1969,producer
nm0930261,Chris Williams,1968,writer
nm0023355,Christian Alvart,1974,producer
nm0228542,Christian Ditter,,director
nm0345615,Christian Gudegast,1970,writer
nm0729514,Christian Rivers,,director
nm0846369,Christian Tafdrup,1978,actor
nm0420422,Christine Jeffs,1963,editorial_department
nm0056725,Christophe Barratier,1963,writer
nm0304521,Christophe Gans,1960,director
nm2888554,Christophe Lourdelet,,animation_department
nm0128883,Christopher Cain,1943,director
nm0236313,Christopher Doyle,1952,cinematographer
nm0001302,Christopher Guest,1948,actor
nm0484907,Christopher Landon,1975,writer
nm0003160,Christopher McQuarrie,1968,writer
nm0588087,Christopher Miller,1975,producer
nm0606439,Christopher Morris,1965,actor
nm0634240,Christopher Nolan,1970,producer
nm1247462,Christopher Smith,1970,director
nm0751080,Chuck Russell,1958,director
nm8066994,Chung-Hyun Lee,,director
nm1164602,Ciarán Foy,,director
nm0768957,Claire Scanlon,,director
nm0453270,Clare Kilner,,director
nm0424800,Clark Johnson,,actor
nm0443505,Clay Kaytis,1973,director
nm0245112,Clea DuVall,1977,actress
nm3286079,Clint Bentley,,director
nm0000142,Clint Eastwood,1930,actor
nm0000850,Clive Barker,1952,writer
nm0115669,Clyde Bruckman,1894,writer
nm0314671,Clyde Geronimi,1901,director
nm0970606,Cody Cameron,1970,actor
nm1454108,Colin Cairnes,,director
nm4017355,Colin Minihan,,director
nm0833779,Colin Strause,1976,visual_effects
nm1119880,Colin Trevorrow,1976,producer
nm1142073,Colm McCarthy,1973,director
nm0970447,Conrad Vernon,1968,producer
nm0267287,Coralie Fargeat,1976,writer
nm6852255,Cord Jefferson,1982,writer
nm0477035,Corey Yuen,1951,actor
nm2379028,Corin Hardy,,director
nm0249897,Cory Edwards,1968,writer
nm0108132,Craig Brewer,1971,producer
nm0318916,Craig Gillespie,1967,producer
nm0563301,Craig Mazin,1971,writer
nm0957505,Craig Zobel,1976,director
nm0612816,Cristian Mungiu,1968,producer
nm0000436,Curtis Hanson,1945,director
nm1780037,Céline Sciamma,1978,writer
nm0142286,D.J. Caruso,1965,director
nm3699790,DK Welchman,1978,director
nm2163762,Damian Mc Carthy,,director
nm3227090,Damien Chazelle,1985,director
nm2093171,Damien Leone,1984,special_effects
nm1167933,Damián Szifron,1975,producer
nm3228270,Dan Berk,1987,director
nm0103187,Dan Bradley,,stunts
nm0319659,Dan Gilroy,1959,writer
nm0473941,Dan Kuenster,,art_department
nm0563243,Dan Mazer,,writer
nm0639321,Dan O'Bannon,1946,writer
nm0722713,Dan Riba,,director
nm3656297,Dan Rush,,director
nm0768959,Dan Scanlon,1976,miscellaneous
nm0870469,Dan Trachtenberg,1981,music_department
nm2834849,Dana Ledoux Miller,,writer
nm0019242,Daniel Alfredson,1959,producer
nm2905562,Daniel Barber,1965,director
nm1400426,Daniel Barnz,1970,writer
nm1174251,Daniel Espinosa,1977,director
nm3453283,Daniel Kwan,1988,director
nm0600409,Daniel Monzón,1968,writer
nm0617130,Daniel Myrick,1963,writer
nm2495732,Daniel Ragussis,,producer
nm3215397,Daniel Scheinert,1987,director
nm0821844,Daniel Stamm,1976,director
nm0858680,Daniela Thomas,1959,director
nm0849786,Danis Tanovic,1969,director
nm0000965,Danny Boyle,1956,director
nm0134176,Danny Cannon,1968,producer
nm0000362,Danny DeVito,1944,actor
nm0500444,Danny Leiner,1961,director
nm0659380,Danny Pang,1965,director
nm4053334,Danny Philippou,1992,director
nm4627221,Darin J. Sallam,,director
nm0000783,Dario Argento,1940,writer
nm2942187,Darius Marder,,editorial_department
nm0004716,Darren Aronofsky,1969,producer
nm1135423,Darren Lynn Bousman,1979,director
nm0953123,Darryl F. Zanuck,1902,producer
nm1396048,Dave Filoni,1974,producer
nm1757777,Dave Green,,director
nm0585150,Dave Michener,1932,animation_department
nm1702145,Dave Wilson,,director
nm0000770,David Anspaugh,1946,producer
nm0043742,David Ayer,1968,producer
nm2596725,David Blue Garcia,,director
nm0101047,David Bowers,,director
nm1410159,David Bruckner,,director
nm0141222,David Carson,,director
nm0000343,David Cronenberg,1943,actor
nm0223522,David Dhawan,1955,director
nm0229694,David Dobkin,1969,producer
nm2497546,David F. Sandberg,1981,director
nm0000399,David Fincher,1962,producer
nm0291205,David Frankel,1959,director
nm3263357,David Freyne,,director
nm3989471,David G. Derrick Jr.,1978,art_department
nm0337773,David Gordon Green,1975,producer
nm0352524,David Hackl,,director
nm0359457,David Hand,1900,director
nm0446109,David Kellogg,1952,director
nm1256143,David Kerr,1967,director
nm0462895,David Koepp,1963,writer
nm0000180,David Lean,1908,director
nm0500610,David Leitch,1975,director
nm1108007,David Lowery,1980,producer
nm0000186,David Lynch,1946,writer
nm1270033,David M. Rosenthal,1969,director
nm0533284,David Mackenzie,1966,director
nm0541635,David Mandel,1970,writer
nm0573589,David McNally,,writer
nm2391575,David Michôd,,writer
nm0262693,David Mickey Evans,1962,director
nm0592400,David Mirkin,,producer
nm1219963,David Moreau,1976,writer
nm0751102,David O. Russell,1958,producer
nm0665041,David Pastor,1978,writer
nm1668276,David Peers,,visual_effects
nm0254786,David R. Ellis,1952,stunts
nm1379002,David Robert Mitchell,1974,director
nm0275286,David S. Goyer,1965,writer
nm0911486,David S. Ward,1945,writer
nm0001710,David Schwimmer,1966,actor
nm0798899,David Silverman,1957,producer
nm1720541,David Slade,1969,director
nm1659741,David Soren,1973,writer
nm0878638,David Twohy,,writer
nm0906476,David Wain,1969,director
nm1177494,David Wnendt,1977,director
nm0175730,David Worth,,cinematographer
nm0946521,David Yarovesky,,director
nm0946734,David Yates,1963,director
nm0001878,David Zucker,1947,producer
nm0346550,Davis Guggenheim,1963,producer
nm1009277,Dax Shepard,1975,podcaster
nm0213450,Dean DeBlois,1970,writer
nm0002041,Dean Devlin,1962,producer
nm3255797,Dean Fleischer Camp,1984,editor
nm2410311,Dean Israelite,1984,director
nm0661751,Dean Parisot,1952,director
nm0438226,Deborah Kaplan,1970,writer
nm0335138,Debra Granik,1963,director
nm2011696,Dee Rees,1977,director
nm0509028,Demian Lichtenstein,,producer
nm1899608,Demián Rugna,1979,writer
nm0898288,Denis Villeneuve,1967,director
nm0330140,Dennie Gordon,1953,director
nm0240797,Dennis Dugan,1946,actor
nm0304541,Dennis Gansel,1973,director
nm0000454,Dennis Hopper,1936,actor
nm1531934,Dennis Iliadis,1969,director
nm1552637,Dennis Widmyer,,director
nm0000243,Denzel Washington,1954,actor
nm0161834,Derek Cianfrance,1974,producer
nm0097517,Derrick Borte,,director
nm0204471,Desmond Davis,1926,camera_department
nm2308774,Destin Daniel Cretton,1978,producer
nm2353862,Dev Patel,1990,actor
nm0002077,Dexter Fletcher,1966,director
nm1933648,Dome Karukoski,1976,director
nm7626019,Domee Shi,1989,miscellaneous
nm4315078,Dominic Cooke,,director
nm0784061,Dominic Sena,1949,director
nm0652860,Dominique Othenin-Girard,1958,director
nm0089940,Don Bluth,1937,animation_department
nm0181741,Don Coscarelli,1954,writer
nm2320658,Don Hall,1969,writer
nm0238841,Don Mancini,1963,writer
nm0666802,Don Paul,,visual_effects
nm0769135,Don Scardino,1949,director
nm0796923,Don Siegel,1912,director
nm0677953,Donald Petrie,,director
nm1804518,Donovan Marsh,,director
nm0254120,Doug Ellin,1968,writer
nm0510731,Doug Liman,1965,producer
nm0842339,Doug Sweetland,,animation_department
nm2035886,Drake Doremus,1983,director
nm0000106,Drew Barrymore,1975,writer
nm1206844,Drew Goddard,1975,writer
nm1289733,Drew Hancock,,writer
nm1510800,Drew Pearce,1975,producer
nm2122478,Duke Johnson,1979,director
nm1512910,Duncan Jones,1971,director
nm0242271,Duwayne Dunham,1952,editor
nm0514546,Dwight H. Little,1956,producer
nm0000438,Ed Harris,1950,actor
nm0942367,Edgar Wright,1974,director
nm0844896,Eduardo Sánchez,1968,director
nm0074163,Edward Berger,1970,director
nm0001570,Edward Norton,1969,actor
nm0001880,Edward Zwick,1952,producer
nm0459552,Elem Klimov,1933,director
nm0185848,Eli Craig,1972,director
nm0744834,Eli Roth,,director
nm0001415,Elia Kazan,1909,director
nm0020491,Elizabeth Allen Rosenbaum,,director
nm0006969,Elizabeth Banks,1974,actress
nm1888091,Elizabeth Chai Vasarhelyi,1978,producer
nm1714255,Elliott Lester,,director
nm0253819,Ellory Elkayem,1970,director
nm2193504,Emerald Fennell,1985,writer
nm0001915,Emile Ardolino,1943,director
nm0001437,Emir Kusturica,1954,director
nm7681231,Emma Seligman,1995,director
nm0849747,Emma Tammi,1982,director
nm1154836,Enrico Casarosa,1971,animation_department
nm0107774,Eric Bress,1968,writer
nm0108094,Eric Brevig,1957,visual_effects
nm0201509,Eric Darnell,1961,writer
nm0325196,Eric Goldberg,1955,animation_department
nm3210494,Eric Guillon,,animation_department
nm0488981,Eric Larson,1905,animation_department
nm0500343,Eric Leighton,1962,animation_department
nm0705779,Eric Radomski,,producer
nm0179697,Ericson Core,,cinematographer
nm0887452,Erik Van Looy,1962,writer
nm0774325,Ernest B. Schoedsack,1893,director
nm1650283,Espen Sandberg,1971,director
nm1000113,Etan Cohen,1974,writer
nm0001053,Ethan Coen,1957,producer
nm0542450,Ethan Maniquis,,director
nm1698571,Evan Goldberg,1982,producer
nm0336620,F. Gary Gray,1969,director
nm0003638,F.W. Murnau,1888,director
nm6042133,Fabien Polack,,animation_department
nm0081433,Fabián Bielinsky,1959,assistant_director
nm0007134,Farah Khan,1965,miscellaneous
nm1731154,Farhad Safinia,1975,writer
nm1027719,Farhan Akhtar,1974,actor
nm1147588,Faruk Aksoy,1964,producer
nm0015359,Fatih Akin,1973,director
nm3086932,Fawn Veerasunthorn,,animation_department
nm1793079,Fede Alvarez,1978,writer
nm0000019,Federico Fellini,1920,writer
nm3220744,Felicity Morris,,producer
nm0886976,Felix van Groeningen,1977,writer
nm0717678,Fergal Reilly,,art_department
nm0576987,Fernando Meirelles,1955,director
nm0001770,Fisher Stevens,1963,actor
nm0802807,Florent-Emilio Siri,1965,director
nm0797455,Floria Sigismondi,1965,director
nm0302780,Florian Gallenberger,1972,director
nm0003697,Florian Henckel von Donnersmarck,1973,director
nm1725469,Florian Zeller,1979,writer
nm1968474,Ford Beebe Jr.,1913,director
nm0476900,Fran Rubel Kuzui,1945,producer
nm0000338,Francis Ford Coppola,1939,producer
nm1349376,Francis Lawrence,1971,director
nm0001008,Frank Capra,1897,director
nm0178997,Frank Coraci,,director
nm0001104,Frank Darabont,1959,writer
nm0550881,Frank Marshall,1946,producer
nm0588340,Frank Miller,1957,writer
nm0000568,Frank Oz,1944,actor
nm0667469,Frank Paur,,art_department
nm0769874,Franklin J. Schaffner,1920,director
nm0654830,François Ozon,1967,director
nm2379331,François Simard,,director
nm0000076,François Truffaut,1932,writer
nm0215269,Fred Dekker,1959,writer
nm0928208,Fred M. Wilcox,1907,director
nm0937748,Fred Wolf,1964,writer
nm0003593,Fred Zinnemann,1907,director
nm0452607,Fritz Kiersch,,director
nm0000485,Fritz Lang,1890,writer
nm0041474,Frédéric Auburtin,1962,director
nm2688320,Gabe Ibáñez,1971,director
nm0190780,Gabor Csupo,1952,producer
nm1363250,Gabriela Cowperthwaite,,producer
nm0610831,Gabriele Muccino,1967,director
nm2008067,Galder Gaztelu-Urrutia,,director
nm1154886,Galen T. Chu,,animation_department
nm2284484,Gareth Edwards,1975,visual_effects
nm2153088,Gareth Evans,1980,producer
nm0005190,Garry Marshall,1934,writer
nm0204628,Garth Davis,1973,director
nm1134029,Garth Jennings,1972,director
nm2477891,Gary Dauberman,,writer
nm0248495,Gary Eck,,writer
nm0001219,Gary Fleder,1965,producer
nm0325776,Gary Goldman,1944,producer
nm1834213,Gary McKendry,,director
nm0002657,Gary Ross,1956,writer
nm2411495,Gary Shore,1981,director
nm0000641,Gary Sinise,1955,actor
nm0873779,Gary Trousdale,1960,director
nm0935095,Gary Winick,1961,producer
nm0637615,Gaspar Noé,1963,director
nm0004303,Gavin Hood,1963,actor
nm0640334,Gavin O'Connor,1963,producer
nm1026883,Gavin Wiesen,,director
nm2566836,Gayatri,,writer
nm0000037,Gene Kelly,1912,actor
nm0704164,Gene Quintano,1946,writer
nm1969144,Gene Stupnitsky,1977,producer
nm0850733,Genndy Tartakovsky,1970,producer
nm0614276,Geoff Murphy,1938,director
nm1070945,Geoffrey Johnson,,animation_department
nm0768249,Geoffrey Sax,1949,director
nm0001681,George A. Romero,1940,producer
nm0000786,George Armitage,1942,producer
nm0938045,George C. Wolfe,1954,director
nm0000123,George Clooney,1961,actor
nm0002030,George Cukor,1899,director
nm0000184,George Lucas,1944,writer
nm0004306,George Miller,1945,producer
nm1079776,George Nolfi,,writer
nm0644695,George Ogilvie,1931,director
nm0181902,George P. Cosmatos,1941,director
nm0001351,George Roy Hill,1921,director
nm0780117,George Scribner,,animation_department
nm0780833,George Seaton,1911,writer
nm0806293,George Sluizer,1932,director
nm0863387,George Tillman Jr.,1969,producer
nm2067421,Gerard Johnstone,,writer
nm2618764,Gerard McMurray,,director
nm0652631,Gerd Oswald,1919,director
nm0432627,Gil Junger,,writer
nm1481493,Gil Kenan,1976,director
nm0000788,Gillian Armstrong,1950,director
nm0690597,Gillo Pontecorvo,1919,director
nm0697656,Gina Prince-Bythewood,,writer
nm6478535,Gints Zilbalodis,1994,director
nm0868153,Giuseppe Tornatore,1956,director
nm0275629,Glenn Ficarra,,producer
nm1137264,Glenn McQuaid,1973,producer
nm1018426,Gonzalo López-Gallego,,editor
nm1058247,Goran Dukic,,director
nm0893659,Gore Verbinski,1964,director
nm2066439,Gorô Miyazaki,1967,director
nm0030253,Graham Annable,,animation_department
nm0373871,Graham Heid,1909,assistant_director
nm2441699,Graham Moore,1981,writer
nm0381416,Grant Heslov,1963,producer
nm3026537,Grant Singer,1985,director
nm3078140,Grant Sputore,,producer
nm0075528,Greg Berlanti,1972,producer
nm0177637,Greg Coolidge,1972,director
nm1177612,Greg Jardin,,director
nm1009775,Greg Marcks,1976,producer
nm0572562,Greg McLean,,director
nm0609549,Greg Mottola,1964,producer
nm0833780,Greg Strause,1975,visual_effects
nm0862911,Greg Tiernan,1965,director
nm0000777,Gregg Araki,1959,writer
nm0429963,Gregor Jordan,1966,director
nm0387706,Gregory Hoblit,1944,producer
nm0414423,Gregory Jacobs,1968,producer
nm1950086,Greta Gerwig,1983,actress
nm0001162,Griffin Dunne,1955,actor
nm13573468,Grswkk,2005,actor
nm0133899,Guillaume Canet,1973,actor
nm0868219,Guillermo del Toro,1964,writer
nm0149446,Gurinder Chadha,1960,writer
nm0001814,Gus Van Sant,1952,director
nm7546166,Gustav Möller,1988,director
nm0357891,Guy Hamilton,1922,director
nm0005363,Guy Ritchie,1968,writer
nm0000367,Gérard Depardieu,1948,actor
nm0470443,Gérard Krawczyk,1953,camera_department
nm0000091,Gérard Pirès,1942,director
nm0000797,Hal Ashby,1929,director
nm0624102,Hal Needham,1931,stunts
nm0717603,Halina Reijn,1975,actress
nm0527217,Hamilton Luske,1903,director
nm0391502,Hannes Holm,1962,writer
nm0596407,Hans Petter Moland,1955,director
nm2380725,Hanu Raghavapudi,,writer
nm0009463,Hany Abu-Assad,1961,director
nm0958969,Harald Zwart,1965,director
nm0005101,Harmony Korine,1973,director
nm0000887,Harold Becker,1928,director
nm0000601,Harold Ramis,1944,writer
nm0102873,Harry Bradbeer,,director
nm0253323,Harry Elfont,,writer
nm1417038,Haruo Sotozaki,,animation_department
nm0594503,Hayao Miyazaki,1941,animation_department
nm1376383,Hayden Schlossberg,1978,writer
nm0125186,Hendel Butoy,1958,animation_department
nm0167241,Henri-Georges Clouzot,1907,writer
nm0748066,Henry Alex Rubin,,director
nm0368871,Henry Hathaway,1898,director
nm1160962,Henry Joost,1982,writer
nm0467396,Henry Koster,1905,director
nm0783139,Henry Selick,1952,director
nm0006889,Herbert Ross,1927,miscellaneous
nm2076099,Hernán Jiménez,,director
nm0030417,Hideaki Anno,1960,art_department
nm0620378,Hideo Nakata,1961,director
nm2137662,Hikaru Kondô,,producer
nm0466153,Hirokazu Koreeda,1962,director
nm0948488,Hiromasa Yonebayashi,1973,animation_department
nm0756983,Hironobu Sakaguchi,1962,producer
nm1293863,Hiroyuki Morita,1964,art_department
nm1223294,Homi Adajania,,writer
nm0222043,Howard Deutch,1950,director
nm0001328,Howard Hawks,1896,director
nm0564586,Howard McCain,,director
nm0956052,Howard Zieff,1927,director
nm0947087,Hoyt Yeatman,1955,visual_effects
nm0399853,Hugh Hudson,1936,director
nm1364790,Hugh Welchman,1975,producer
nm0933505,Hugh Wilson,1943,writer
nm1760911,Hüdaverdi Yavuz,1962,director
nm0812200,Iain Softley,1958,director
nm4252203,Il Cho,,assistant_director
nm5820154,Ilya Naishuller,1983,director
nm1665004,Imtiaz Ali,1971,writer
nm0000005,Ingmar Bergman,1918,writer
nm0449984,Irvin Kershner,1923,director
nm0005563,Irwin Winkler,1931,producer
nm0170043,Isabel Coixet,1960,director
nm0847223,Isao Takahata,1935,director
nm10064730,Ishana Shyamalan,1999,producer
nm0718645,Ivan Reitman,1946,producer
nm2128335,J Blakeson,,director
nm0496746,J. Lee Thompson,1914,director
nm0344259,J. Mackye Gruber,,writer
nm1291105,J.A. Bayona,1975,director
nm0736930,J.B. Rogers,,assistant_director
nm1170855,J.C. Chandor,,producer
nm0009190,J.J. Abrams,1966,producer
nm0675102,J.J. Perry,,stunts
nm2356768,JT Mollner,,writer
nm0070474,Jack Bender,1949,producer
nm0194018,Jack Cutting,1908,animation_department
nm0455741,Jack Kinney,1909,director
nm0794791,Jack Sholder,1945,director
nm0000329,Jackie Chan,1954,producer
nm0233757,Jaco Van Dormael,1957,director
nm0002191,Jacques Audiard,1952,writer
nm0440458,Jake Kasdan,1974,producer
nm1500577,Jake Schreier,,director
nm2021516,Jake Szymanski,1981,director
nm1118351,Jalmari Helander,1976,director
nm0019282,James Algar,1912,director
nm0090386,James Bobin,1972,director
nm0000116,James Cameron,1954,writer
nm0218621,James DeMonaco,1969,writer
nm2086105,James Duffy,,director
nm0267309,James Fargo,1938,director
nm0001226,James Foley,1953,director
nm0290556,James Franco,1978,actor
nm1595280,James Gartner,1950,director
nm0336695,James Gray,1969,director
nm0348181,James Gunn,1966,writer
nm0369949,James Hawes,,director
nm0410494,James Isaac,1960,special_effects
nm0412465,James Ivory,1928,director
nm0000985,James L. Brooks,1940,writer
nm0003506,James Mangold,1963,producer
nm1016428,James Marsh,1963,director
nm1140492,James Mather,,cinematographer
nm0574625,James McTeigue,,director
nm1242054,James Ponsoldt,1978,producer
nm1624755,James Reed,,director
nm0797526,James Signorelli,,producer
nm0888743,James Vanderbilt,1975,producer
nm1490123,James Wan,1977,producer
nm0126096,James Ward Byrkit,,director
nm1220140,James Watkins,1978,director
nm0001843,James Whale,1889,director
nm0939128,James Wong,,producer
nm0044803,Jamie Babbit,1970,director
nm0087595,Jamie Blanks,,composer
nm0668350,Jamie Payne,,director
nm0371059,Jamie Uys,1921,director
nm0684342,Jan Pinkava,1963,producer
nm0000957,Jan de Bont,1943,cinematographer
nm0001005,Jane Campion,1954,writer
nm1203013,Jang Hang-jun,1969,writer
nm2591093,Januel Mercado,1984,director
nm1158544,Jared Bush,1974,writer
nm0381478,Jared Hess,1979,director
nm2972864,Jared Stern,,writer
nm0000867,Jason Bateman,1969,actor
nm2639032,Jason Eisener,,writer
nm0294997,Jason Friedberg,1971,writer
nm2911364,Jason Hand,,director
nm3950520,Jason Lei Howden,,visual_effects
nm0601337,Jason Moore,1970,director
nm0718646,Jason Reitman,1977,producer
nm0934864,Jason Winer,1972,producer
nm0938471,Jason Woliner,1980,director
nm0049371,Jaume Balagueró,1968,writer
nm1429471,Jaume Collet-Serra,1974,producer
nm3371961,Javier Abad,,director
nm0151540,Jay Chandrasekhar,1968,director
nm0243231,Jay Duplass,1973,producer
nm0005366,Jay Roach,1957,producer
nm0751221,Jay Russell,,director
nm9955426,Jayathirtha,,director
nm0724938,Jean-François Richet,1966,director
nm0000269,Jean-Jacques Annaud,1943,director
nm0000419,Jean-Luc Godard,1930,director
nm0885249,Jean-Marc Vallée,1963,producer
nm0201094,Jean-Pierre Dardenne,1951,producer
nm0000466,Jean-Pierre Jeunet,1953,director
nm0578483,Jean-Pierre Melville,1917,writer
nm0844358,Jeannot Szwarc,1937,director
nm3728712,Jeff Chan,,director
nm1733778,Jeff Fowler,1978,producer
nm0437596,Jeff Kanew,1944,director
nm0627920,Jeff Newitt,1962,animation_department
nm2158772,Jeff Nichols,1978,writer
nm2341611,Jeff Orlowski-Yang,1984,director
nm6676487,Jeff Rowe,1986,writer
nm0769840,Jeff Schaffer,1970,writer
nm1762961,Jeff Tomsic,,producer
nm0871860,Jeff Tremaine,1966,writer
nm0905592,Jeff Wadlow,,producer
nm0005076,Jeffrey Katzenberg,1950,producer
nm0618680,Jeffrey Nachmanoff,1967,producer
nm1318596,Jemaine Clement,1974,actor
nm3066492,Jennifer Kaytin Robinson,1988,writer
nm0448768,Jennifer Kent,1969,actress
nm1601644,Jennifer Lee,1971,producer
nm0950775,Jennifer Yuh Nelson,1972,production_department
nm1788310,Jenny Gage,,director
nm0154819,Jeremiah S. Chechik,1955,director
nm1476102,Jeremiah Zagar,,director
nm1275670,Jeremy Garelick,1975,producer
nm0505230,Jeremy Leven,1941,writer
nm1099918,Jeremy Saulnier,1976,director
nm0730385,Jerome Robbins,1918,miscellaneous
nm0661577,Jerry Paris,1925,director
nm0958387,Jerry Zucker,1950,producer
nm0245888,Jesse Dylan,1966,director
nm0251986,Jesse Eisenberg,1983,actor
nm0673400,Jesse Peretz,1968,director
nm0625458,Jessie Nelson,,producer
nm5029795,Jeymes Samuel,1979,producer
nm0191717,Jill Culton,,writer
nm0000720,Jim Abrahams,1944,writer
nm1637768,Jim Field Smith,1979,director
nm0318947,Jim Gillespie,,director
nm0359610,Jim Handley,1914,assistant_director
nm0001345,Jim Henson,1936,actor
nm0000464,Jim Jarmusch,1953,director
nm0585344,Jim Mickle,,writer
nm0711110,Jim Rash,1971,actor
nm0788940,Jim Sharman,1945,director
nm0006487,Jim Sheridan,1949,producer
nm3011011,Jimmy Chin,1973,producer
nm0371755,Jimmy Hayward,,director
nm1461392,Joachim Rønning,1972,director
nm1258686,Joachim Trier,1974,director
nm1690966,Joaquim Dos Santos,1977,animation_department
nm1703612,Joby Harold,,writer
nm0602104,Jocelyn Moorhouse,1960,director
nm0000149,Jodie Foster,1962,actress
nm2095817,Jody Hill,,producer
nm0023469,Joe Alves,1936,art_director
nm0075666,Joe Berlinger,1961,producer
nm0138620,Joe Carnahan,1969,producer
nm0180428,Joe Cornish,1968,writer
nm0001102,Joe Dante,1946,director
nm0002653,Joe Johnston,1950,director
nm0638271,Joe Nussbaum,1973,producer
nm1020835,Joe Penna,,director
nm0701592,Joe Pytka,1938,director
nm0710020,Joe Ranft,1960,writer
nm0005387,Joe Roth,1948,producer
nm0751648,Joe Russo,1971,producer
nm1846132,Joe Swanberg,1981,actor
nm0942504,Joe Wright,1972,director
nm0001054,Joel Coen,1954,producer
nm3150455,Joel Crawford,,art_department
nm0249291,Joel Edgerton,1974,actor
nm0302778,Joel Gallen,,producer
nm0001708,Joel Schumacher,1939,director
nm0959034,Joel Zwick,1942,director
nm1266897,Johannes Roberts,1976,director
nm0000824,John Badham,1939,director
nm0000958,John Boorman,1933,producer
nm0593463,John Cameron Mitchell,1963,actor
nm0138809,John Carney,1972,writer
nm0000118,John Carpenter,1948,music_department
nm0000092,John Cleese,1939,actor
nm0180257,John Cornell,1941,producer
nm1259871,John Crowley,1969,director
nm0192845,John Curran,1960,director
nm0001093,John Dahl,1956,director
nm0235719,John Erick Dowdle,1972,writer
nm0269502,John Fawcett,1968,director
nm0000406,John Ford,1894,director
nm0287198,John Fortenberry,,director
nm0197855,John Francis Daley,1985,actor
nm0001239,John Frankenheimer,1930,director
nm0000814,John G. Avildsen,1935,director
nm0322515,John Glen,1932,editor
nm0347086,John Guillermin,1925,director
nm0357453,John Hamburg,1970,producer
nm0381273,John Herzfeld,1947,writer
nm0384825,John Hillcoat,1961,director
nm0000455,John Hughes,1950,writer
nm0001379,John Huston,1906,actor
nm1024677,John Krasinski,1979,actor
nm0480843,John Lafia,1957,director
nm0000484,John Landis,1950,producer
nm0005124,John Lasseter,1957,writer
nm0359387,John Lee Hancock,1956,writer
nm0522028,John Lounsbery,1911,animation_department
nm0525141,John Luessenhop,,director
nm3304468,John Maclean,,director
nm0006960,John Madden,1949,director
nm0562266,John Maybury,1958,director
nm0573796,John McNaughton,1950,director
nm0001532,John McTiernan,1951,director
nm0567620,John Michael McDonagh,1967,writer
nm0587518,John Milius,1944,writer
nm0601382,John Moore,1970,camera_department
nm0615780,John Musker,1953,writer
nm0808807,John N. Smith,1943,director
nm0664756,John Pasquin,1945,director
nm0788234,John Patrick Shanley,1950,writer
nm3621304,John Patton Ford,1981,director
nm0689852,John Polson,1965,producer
nm0502954,John R. Leonetti,1956,cinematographer
nm0720135,John Requa,,producer
nm0727960,John Ripa,,animation_department
nm0772259,John Schlesinger,1926,director
nm0005436,John Singleton,1968,producer
nm0828970,John Stevenson,,art_department
nm0007082,John Stockwell,1961,actor
nm0836328,John Sturges,1910,director
nm0000691,John Waters,1946,actor
nm0920274,John Wells,1956,producer
nm0925870,John Whitesell,1953,director
nm0000247,John Woo,1946,director
nm0000750,Jon Amiel,1948,director
nm0000816,Jon Avnet,1949,director
nm0269463,Jon Favreau,1966,producer
nm1154184,Jon Harris,1967,editor
nm1375358,Jon Hurwitz,1977,writer
nm0524190,Jon Lucas,,writer
nm0160840,Jon M. Chu,1979,producer
nm0689343,Jon Poll,,editor
nm1580671,Jon S. Baird,1972,director
nm0005509,Jon Turteltaub,1963,producer
nm1218281,Jon Watts,1981,producer
nm1706767,Jonah Hill,1983,actor
nm0959774,Jonas Åkerlund,1965,director
nm0206760,Jonathan Dayton,1957,director
nm0001129,Jonathan Demme,1944,director
nm0000408,Jonathan Frakes,1952,actor
nm0322242,Jonathan Glazer,1965,director
nm0326246,Jonathan Goldstein,1968,director
nm0378144,Jonathan Hensleigh,1959,writer
nm0440459,Jonathan Kasdan,1979,writer
nm1349522,Jonathan Levine,1976,producer
nm0509448,Jonathan Liebesman,1976,producer
nm0528718,Jonathan Lynn,1943,writer
nm0609236,Jonathan Mostow,1961,director
nm3646390,Jonathan del Val,,animation_department
nm1743387,Jonathan van Tulleken,1981,director
nm1443502,Jordan Peele,1979,director
nm3611349,Jordan Vogt-Roberts,1984,director
nm3360961,Jorge Blanco,,director
nm1509613,Jorge R. Gutiérrez,1975,director
nm1672246,Jorma Taccone,1977,writer
nm0750857,Josef Rusnak,1958,director
nm0330687,Joseph Gordon-Levitt,1981,actor
nm2676052,Joseph Kosinski,1974,director
nm0000581,Joseph L. Mankiewicz,1909,writer
nm0747849,Joseph Ruben,1950,director
nm0765121,Joseph Sargent,1925,director
nm0957263,Joseph Zito,1946,producer
nm1837748,Josh Boone,1979,writer
nm2155757,Josh Cooley,,actor
nm0330347,Josh Gordon,,director
nm1343394,Josh Safdie,1984,producer
nm2503633,Josh Trank,1984,writer
nm0551358,Joshua Marston,1968,director
nm0827750,Joshua Michael Stern,,writer
nm1945519,Joshua Wassung,,visual_effects
nm6066050,Josie Rourke,,director
nm0923736,Joss Whedon,1964,producer
nm0655683,José Padilha,1967,producer
nm0294379,Juan Carlos Fresnadillo,1967,producer
nm0002728,Juan José Campanella,1959,writer
nm0812626,Juan Solanas,1966,cinematographer
nm0031976,Judd Apatow,1967,producer
nm0606688,Judy Morris,1947,actress
nm4469445,Julia Ducournau,1983,director
nm0267497,Julian Farino,,director
nm0418982,Julian Jarrold,1960,director
nm0773603,Julian Schnabel,1951,director
nm1455688,Julie Anne Robinson,,director
nm0853380,Julie Taymor,1952,director
nm1170339,Julius Avery,,director
nm1564809,Julius Onah,1983,director
nm1682573,Justin Baldoni,1984,actor
nm1918140,Justin Benson,1983,producer
nm0149491,Justin Chadwick,1968,director
nm2280148,Justin Dec,1982,director
nm1042511,Justin K. Thompson,,director
nm0997291,Justin Kurzel,1974,producer
nm0510912,Justin Lin,1971,producer
nm2301412,Justin Martinez,,director
nm2282177,Justin Simien,,writer
nm0951698,Justin Zackham,,writer
nm2630323,Justine Triet,1978,director
nm1203138,Kabir Khan,1971,director
nm0149131,Kamil Çetin,1972,director
nm0424103,Karan Johar,1972,producer
nm1633551,Karan Malhotra,,assistant_director
nm0456732,Karey Kirkpatrick,1964,director
nm0005713,Karl Freund,1890,cinematographer
nm0476201,Karyn Kusama,1968,director
nm0000941,Kathryn Bigelow,1951,director
nm0960028,Katsuhiro Ôtomo,1954,writer
nm0134224,Kay Cannon,1974,producer
nm0875453,Kazuya Tsurumaki,1966,animation_department
nm0005540,Keenen Ivory Wayans,1958,writer
nm0038432,Kelly Asbury,1960,art_department
nm2609807,Kelly Fremon Craig,1980,writer
nm0545150,Kelly Marcel,1974,writer
nm1626375,Kelsey Mann,1974,art_department
nm5358492,Kemp Powers,,writer
nm0002175,Ken Annakin,1914,director
nm0277946,Ken Finkleman,1946,writer
nm0400731,Ken Hughes,1922,writer
nm0477129,Ken Kwapis,1957,director
nm0516360,Ken Loach,1936,director
nm0779433,Ken Scott,,writer
nm0000110,Kenneth Branagh,1960,actor
nm0518836,Kenneth Lonergan,1962,writer
nm0650905,Kenny Ortega,1950,director
nm0022768,Kent Alterman,,producer
nm1244069,Kenya Barris,1974,writer
nm0175775,Kerry Conran,1964,director
nm0022828,Kevin Altieri,,art_department
nm0106230,Kevin Bray,,director
nm0000126,Kevin Costner,1955,actor
nm1019493,Kevin Donovan,,director
nm0340436,Kevin Greutert,,editor
nm0393661,Kevin Hooks,1958,director
nm1556116,Kevin Kölsch,,director
nm0510674,Kevin Lima,1962,animation_department
nm0531817,Kevin Macdonald,1967,director
nm1083489,Kevin Munroe,,art_department
nm0721817,Kevin Reynolds,1952,director
nm0003620,Kevin Smith,1970,producer
nm0453518,Kim Jee-woon,1964,director
nm1104118,Kim Ki-duk,1960,writer
nm0005303,Kimberly Peirce,1967,director
nm0896542,King Vidor,1894,director
nm0297935,Kinji Fukasaku,1930,director
nm0882330,Kinka Usher,,director
nm1444479,Kiran Rao,1973,producer
nm0210320,Kirk DeMicco,1969,writer
nm0428600,Kirk Jones,1964,director
nm0936374,Kirk Wise,1963,director
nm0792202,Kirsten Sheridan,1976,producer
nm0355806,Klay Hall,1958,director
nm2207625,Kleber Mendonça Filho,1968,director
nm1234298,Konkona Sen Sharma,1979,actress
nm0610960,Kornél Mundruczó,1975,actor
nm2329165,Kris Pearn,,art_department
nm5589501,Kristoffer Borgli,1985,director
nm0001425,Krzysztof Kieslowski,1941,writer
nm0934483,Kurt Wimmer,1964,writer
nm1030706,Kwak Jae-young,1959,writer
nm3391600,Kwang Il Han,,animation_department
nm0049633,Kyle Balda,1971,animation_department
nm1760830,Kyle Newacheck,1984,producer
nm1381100,Kyle Newman,1976,producer
nm5859016,Kyler Spears,1992,art_department
nm0526199,Kátia Lund,1966,director
nm0905154,Lana Wachowski,1965,writer
nm0153078,Larry Charles,1956,producer
nm0164187,Larry Clark,1943,director
nm0604392,Larry Morey,1905,music_department
nm2209002,Lars Klevberg,,assistant_director
nm0001885,Lars von Trier,1956,writer
nm0002120,Lasse Hallström,1946,director
nm0688636,Laura Poitras,1964,producer
nm0349183,Lawrence Guterman,,director
nm0001410,Lawrence Kasdan,1949,writer
nm0496969,Lee Chang-dong,1954,writer
nm2091846,Lee Cronin,,director
nm0200005,Lee Daniels,1959,producer
nm1818032,Lee Isaac Chung,1978,director
nm2556572,Lee Jeong-beom,,writer
nm1600872,Lee Sternthal,,writer
nm0848414,Lee Tamahori,1950,director
nm1767218,Lee Toland Krieger,1983,producer
nm0881279,Lee Unkrich,1967,miscellaneous
nm4074404,Leigh Janiak,1980,director
nm1191481,Leigh Whannell,1977,actor
nm0936482,Len Wiseman,1973,producer
nm1049433,Lenny Abrahamson,1966,director
nm0564970,Leo McCarey,1896,director
nm0000559,Leonard Nimoy,1931,actor
nm0136021,Leos Carax,1960,director
nm0164203,Les Clark,1907,animation_department
nm0562645,Les Mayfield,1959,producer
nm2853516,Leslye Headland,1980,producer
nm0300174,Levan Gabriadze,1969,director
nm0318150,Lewis Gilbert,1920,director
nm0587277,Lewis Milestone,1895,director
nm0853546,Lewis Teague,1938,director
nm0591994,Lexi Alexander,,director
nm0528381,Liam Lynch,1970,director
nm0000630,Liev Schreiber,1967,actor
nm0905152,Lilly Wachowski,1967,writer
nm0592135,Lin-Manuel Miranda,1980,actor
nm0018132,Lisa Azuelos,1965,writer
nm0158966,Lisa Cholodenko,1964,director
nm2847370,Lisa Joy,1977,producer
nm5031882,Logan George,,director
nm7992231,Lokesh Kanagaraj,1986,director
nm0771054,Lone Scherfig,,writer
nm2705923,Lorcan Finnegan,1979,director
nm1032521,Lorene Scafaria,1978,producer
nm0177170,Lorna Cook,,animation_department
nm2694309,Louie Psihoyos,1957,director
nm0504642,Louis Leterrier,1973,director
nm0849164,Loveleen Tandan,,director
nm0000108,Luc Besson,1959,writer
nm0201095,Luc Dardenne,1954,producer
nm0415207,Luc Jacquet,1967,director
nm0345174,Luca Guadagnino,1971,director
nm3622659,Lucia Aniello,1983,producer
nm0000320,Luis Buñuel,1900,writer
nm0515891,Luis Llosa,1951,producer
nm0600546,Lukas Moodysson,1969,writer
nm0339004,Luke Greenfield,1972,director
nm2304675,Lulu Wang,1983,director
nm0708903,Lynne Ramsay,1969,director
nm1841577,László Nemes,1977,director
nm0796117,M. Night Shyamalan,1970,producer
nm1068186,MJ Bassett,1968,director
nm0086301,Macon Blair,1974,actor
nm0534856,Madhavan,1970,actor
nm0350454,Maggie Gyllenhaal,1977,actress
nm3133422,Maggie Kang,,animation_department
nm0080315,Mahesh Bhatt,1948,producer
nm0006498,Majid Majidi,1959,writer
nm1396121,Makoto Shinkai,1973,writer
nm0002700,Malcolm D. Lee,1970,director
nm0070594,Malik Bendjelloul,1977,actor
nm0396074,Mamoru Hosoda,1967,director
nm0651900,Mamoru Oshii,1951,writer
nm1834891,Maneesh Sharma,,producer
nm0001988,Marc Caro,1956,director
nm0286975,Marc Forster,1969,producer
nm0492909,Marc Lawrence,1959,writer
nm0799050,Marc Silverstein,1971,writer
nm1989536,Marc Webb,1974,producer
nm0104193,Marco Brambilla,1960,director
nm0773605,Marco Schnabel,,producer
nm3483756,Marcos Martínez,,animation_department
nm1729303,Marcus Dunstan,1975,writer
nm1197971,Marcus Nispel,1963,director
nm0011752,Maren Ade,1976,producer
nm1716636,Marielle Heller,1979,actress
nm5278427,Mario Miscione,,producer
nm2277869,Marjane Satrapi,1969,director
nm0228147,Mark A.Z. Dippé,1956,visual_effects
nm0028764,Mark Andrews,1968,art_department
nm0228262,Mark DiSalle,,producer
nm0227540,Mark Dindal,1960,visual_effects
nm0243233,Mark Duplass,1976,actor
nm0348993,Mark Gustafson,1959,writer
nm0375068,Mark Helfrich,,editor
nm0379179,Mark Herman,1954,writer
nm0504495,Mark L. Lester,,producer
nm8609388,Mark Molloy,,director
nm0617042,Mark Mylod,1965,director
nm0004410,Mark Neveldine,,writer
nm0651706,Mark Osborne,1970,director
nm0657372,Mark Palansky,,director
nm0671210,Mark Pellington,1962,producer
nm0738796,Mark Romanek,1959,director
nm0743093,Mark Rosman,1959,director
nm0425756,Mark Steven Johnson,,writer
nm0867127,Mark Tonderai,1974,director
nm0914132,Mark Waters,1964,director
nm0931251,Mark Williams,,producer
nm0637497,Marti Noxon,1964,producer
nm0000976,Martin Brest,1951,director
nm0132709,Martin Campbell,1943,director
nm1732981,Martin McDonagh,1970,writer
nm0000217,Martin Scorsese,1942,producer
nm1170286,Martin Weisz,1966,director
nm0366004,Mary Harron,1953,director
nm0005116,Mary Lambert,1951,director
nm0462030,Masaki Kobayashi,1916,director
nm1127653,Massy Tadjedin,,writer
nm0440913,Mathieu Kassovitz,1967,actor
nm2366012,Matt Bettinelli-Olpin,,director
nm0114226,Matt Brown,,writer
nm4798740,Matt Johnson,1985,writer
nm0716257,Matt Reeves,1966,producer
nm0743671,Matt Ross,1970,actor
nm0787687,Matt Shakman,1975,director
nm0818485,Matt Spicer,1984,producer
nm0308520,Matteo Garrone,1968,director
nm5870715,Matthew López,,writer
nm2816668,Matthew Robinson,1978,writer
nm0891216,Matthew Vaughn,1971,producer
nm0911334,Matthew Warchus,1966,director
nm0777788,Matthias Schweighöfer,1981,actor
nm0374048,Matthijs van Heijningen Jr.,1965,producer
nm3817317,Max Barbakow,,director
nm0629658,Max Nichols,1973,director
nm0629334,McG,1968,producer
nm3133017,Mehmet Ada Öztekin,1976,director
nm0000316,Mel Brooks,1926,actor
nm0000154,Mel Gibson,1956,actor
nm0809321,Mel Smith,1952,actor
nm0835799,Mel Stuart,1928,producer
nm0324875,Menahem Golan,1929,producer
nm0946327,Mennan Yapo,1966,producer
nm0178260,Merian C. Cooper,1893,producer
nm0027183,Michael Anderson,1920,director
nm0000776,Michael Apted,1941,director
nm0430107,Michael B. Jordan,1987,actor
nm0000881,Michael Bay,1965,producer
nm0001994,Michael Caton-Jones,1957,director
nm1980431,Michael Chaves,,director
nm0001047,Michael Cimino,1939,director
nm0000341,Michael Crichton,1942,writer
nm0188165,Michael Cristofer,1945,actor
nm0191147,Michael Cuesta,1963,producer
nm0002031,Michael Curtiz,1886,director
nm0205157,Michael Davis,1961,producer
nm1002424,Michael Dougherty,1974,producer
nm0236226,Michael Dowse,1973,director
nm0257554,Michael Engler,,director
nm0277342,Michael Fimognari,1974,director
nm1243905,Michael Gracey,,visual_effects
nm0359734,Michael Haneke,1942,writer
nm0001355,Michael Hoffman,1956,director
nm2398585,Michael Jelenic,1977,producer
nm0499724,Michael Lehmann,1957,director
nm0501185,Michael Lembeck,1948,director
nm0000520,Michael Mann,1943,producer
nm3462290,Michael Matthews,,producer
nm2278537,Michael Mohan,,writer
nm0601619,Michael Moore,1954,producer
nm1840064,Michael Noer,1978,director
nm0455078,Michael Patrick King,1954,writer
nm4073140,Michael Philippou,1992,actor
nm0696309,Michael Pressman,1950,producer
nm0705535,Michael Radford,1946,director
nm5106831,Michael Rianda,1984,miscellaneous
nm0006916,Michael Ritchie,1938,director
nm0753382,Michael Rymer,1963,director
nm3968825,Michael Sarnoski,,director
nm1916835,Michael Schwartz,,director
nm5479260,Michael Shanks,,director
nm0795290,Michael Showalter,1970,writer
nm1294961,Michael Spierig,,director
nm1302591,Michael Sucsy,,director
nm0862211,Michael Thurmeier,,animation_department
nm1639277,Michael Tiddes,,director
nm1742427,Michaël R. Roskam,1972,producer
nm0327273,Michel Gondry,1963,director
nm0371890,Michel Hazanavicius,1967,writer
nm0000774,Michelangelo Antonioni,1912,writer
nm0413875,Mick Jackson,1943,director
nm0037708,Miguel Arteta,1965,director
nm0764601,Miguel Sapochnik,1974,director
nm0405632,Mikael Håfström,1960,director
nm0054954,Mike Barker,1965,director
nm1600805,Mike Bigelow,,director
nm0082802,Mike Binder,1958,writer
nm2648685,Mike Cahill,1979,visual_effects
nm0001214,Mike Figgis,1948,director
nm1093039,Mike Flanagan,1978,director
nm0300265,Mike Gabriel,1954,animation_department
nm0388198,Mike Hodges,1932,director
nm0425843,Mike Johnson,,animation_department
nm0431918,Mike Judge,1962,writer
nm0005139,Mike Leigh,1943,director
nm0566788,Mike McCoy,,producer
nm0590122,Mike Mills,1966,director
nm0593610,Mike Mitchell,1970,director
nm0001565,Mike Newell,1942,director
nm0001566,Mike Nichols,1931,director
nm0221133,Mike de Seve,,writer
nm0001232,Miloš Forman,1932,director
nm6470216,Mimi Cave,,director
nm0001460,Mimi Leder,1952,producer
nm0619762,Mira Nair,1957,director
nm1887138,Mohit Suri,1981,director
nm1041597,Morgan Spurlock,1970,producer
nm0878763,Morten Tyldum,1967,director
nm1012102,Motonori Sakakibara,,director
nm0002160,Moustapha Akkad,1930,producer
nm2535507,Mukesh Chhabra,1980,casting_director
nm0617523,Måns Mårlind,1969,writer
nm2947553,Na Hong-jin,1974,writer
nm1443023,Nacho Vigalondo,1977,writer
nm1701024,Nadine Labaki,1974,actress
nm5645455,Nag Ashwin,1986,director
nm0451274,Nahnatchka Khan,1973,producer
nm0583600,Nancy Meyers,1949,writer
nm0123379,Nanette Burstein,,director
nm2210720,Naoko Yamada,1984,animation_department
nm0269542,Nat Faxon,1975,actor
nm0000204,Natalie Portman,1981,actress
nm1977355,Nathan Greno,1975,actor
nm4142927,Navot Papushado,1980,writer
nm3109770,Neeraj Pandey,1973,writer
nm1139726,Neil Burger,1963,producer
nm0001403,Neil Jordan,1950,writer
nm0001438,Neil LaBute,1963,writer
nm0551076,Neil Marshall,1970,producer
nm0088955,Neill Blomkamp,1979,director
nm0036582,Newt Arnold,1922,assistant_director
nm4804442,Nia DaCosta,1989,writer
nm0558873,Nic Mathieu,,director
nm4946908,Nicholas D. Johnson,,editor
nm1906430,Nicholas Jarecki,,writer
nm0583292,Nicholas Meyer,1945,writer
nm0712947,Nicholas Ray,1911,director
nm0831557,Nicholas Stoller,1976,producer
nm0329650,Nicholaus Goossen,1978,director
nm2939767,Nick Bruno,,animation_department
nm0001024,Nick Cassavetes,1959,actor
nm0145309,Nick Castle,1947,writer
nm0601680,Nick Moore,,editor
nm1960322,Nick Murphy,,director
nm0661910,Nick Park,1958,writer
nm3350420,Nicolai Fuglsig,1972,director
nm0001676,Nicolas Roeg,1928,camera_department
nm0716347,Nicolas Winding Refn,1970,writer
nm0392237,Nicole Holofcener,1960,director
nm0649117,Niels Arden Oplev,1961,director
nm0170719,Nigel Cole,1959,director
nm0138927,Niki Caro,1966,director
nm0012541,Nikkhil Advani,1971,writer
nm1064048,Nikolaj Arcel,1972,writer
nm1294036,Nima Nourizadeh,,director
nm0030735,Nimród Antal,1973,director
nm1723225,Nishikant Kamat,1970,actor
nm4318159,Nitesh Tiwari,1972,writer
nm9204865,Nithilan Saminathan,1982,director
nm0000876,Noah Baumbach,1969,writer
nm1729171,Noam Murro,1961,director
nm0840485,Nobuhiro Suwa,1960,director
nm0001188,Nora Ephron,1941,writer
nm3519173,Nora Fingscheidt,1983,director
nm0272568,Norman Ferguson,1902,animation_department
nm0422484,Norman Jewison,1926,director
nm0851537,Norman Taurog,1899,director
nm0942687,Norman Wright,1910,writer
nm0149196,Nuri Bilge Ceylan,1959,director
nm0662530,Ol Parker,1969,writer
nm1069989,Olatunde Osunsanmi,1977,producer
nm0097079,Ole Bornedal,1959,writer
nm0386570,Oliver Hirschbiegel,1957,director
nm0662529,Oliver Parker,1960,director
nm0005628,Oliver Schmitz,1960,director
nm0000231,Oliver Stone,1946,director
nm3229507,Olivia Newman,,director
nm1312575,Olivia Wilde,1984,actress
nm0000801,Olivier Assayas,1955,writer
nm0196860,Olivier Dahan,1967,director
nm0576298,Olivier Megaton,1965,director
nm0619923,Olivier Nakache,1973,writer
nm3819854,Om Raut,1981,director
nm2305431,Oren Peli,,producer
nm1079062,Oriol Paulo,1975,writer
nm0000080,Orson Welles,1915,actor
nm0674020,Osgood Perkins,1974,director
nm1163264,Otto Bathurst,1971,director
nm0695937,Otto Preminger,1905,director
nm0161152,Oxide Chun Pang,1965,director
nm0389591,P.J. Hogan,1962,writer
nm1883257,Pablo Larraín,1976,producer
nm2161247,Paco Cabezas,1976,director
nm0687042,Paco Plaza,1973,director
nm0181903,Panos Cosmatos,,producer
nm0002645,Paolo Genovese,1966,writer
nm0815204,Paolo Sorrentino,1970,writer
nm0054077,Paris Barclay,,director
nm0661791,Park Chan-wook,1963,producer
nm6475689,Parker Finn,1987,director
nm1059740,Parkpoom Wongpoom,1978,writer
nm1052791,Pascal Laugier,1971,director
nm0640466,Pat O'Connor,1943,director
nm2674307,Patrick Brice,1983,writer
nm0216133,Patrick Delage,,animation_department
nm1369708,Patrick Gilmore,,producer
nm0400850,Patrick Hughes,,director
nm0527261,Patrick Lussier,,director
nm0425957,Patrick Read Johnson,,writer
nm0851281,Patrick Tatopoulos,,special_effects
nm0933940,Patrick Wilson,1973,actor
nm1158962,Patrik Forsberg,,director
nm0420941,Patty Jenkins,1971,director
nm0001887,Paul Brickman,1949,writer
nm2128363,Paul Briggs,1974,actor
nm0082450,Paul Feig,1962,producer
nm0339030,Paul Greengrass,1955,director
nm0353673,Paul Haggis,1953,writer
nm0402995,Paul Hunter,,director
nm1653753,Paul King,,director
nm0006476,Paul McGuigan,1963,director
nm0001274,Paul Michael Glaser,1943,actor
nm0766402,Paul Satterfield,1896,animation_department
nm0001707,Paul Schrader,1946,writer
nm0771228,Paul T. Scheuring,1968,producer
nm0000759,Paul Thomas Anderson,1970,director
nm1196684,Paul Tibbitt,1968,producer
nm0000682,Paul Verhoeven,1938,director
nm0027271,Paul W.S. Anderson,1965,writer
nm0917992,Paul Weiland,1953,director
nm0919369,Paul Weitz,1965,producer
nm0667734,Pawel Pawlikowski,1957,director
nm0000264,Pedro Almodóvar,1949,writer
nm0790715,Penelope Spheeris,1945,director
nm0001508,Penny Marshall,1943,actress
nm0668998,Perce Pearce,1899,writer
nm0230032,Pete Docter,1968,producer
nm0871428,Pete Travis,,director
nm1534595,Peter Atencio,1983,director
nm0000916,Peter Berg,1964,producer
nm0082526,Peter Billingsley,1971,producer
nm0000953,Peter Bogdanovich,1939,actor
nm0146341,Peter Cattaneo,1964,director
nm0155093,Peter Chelsom,1956,director
nm0172772,Peter Collinson,1936,director
nm1433996,Peter Cornwell,,director
nm0265363,Peter Faiman,1944,producer
nm0268380,Peter Farrelly,1956,producer
nm0373282,Peter Hedges,1962,writer
nm0382072,Peter Hewitt,1962,director
nm0398185,Peter Howitt,1957,actor
nm0001382,Peter Hyams,1943,director
nm0001392,Peter Jackson,1961,producer
nm1481618,Peter Landesman,,director
nm0520485,Peter Lord,1953,producer
nm0003423,Peter MacDonald,1939,camera_department
nm0402597,Peter R. Hunt,1925,editor
nm0709056,Peter Ramsey,1962,art_department
nm0781842,Peter Segal,1962,director
nm0812307,Peter Sohn,1977,actor
nm0813164,Peter Sollett,,director
nm1294962,Peter Spierig,,director
nm0861826,Peter Thorwarth,1971,writer
nm0916424,Peter Webber,1960,director
nm0001837,Peter Weir,1944,director
nm0946811,Peter Yates,1929,director
nm0715636,Peyton Reed,1964,director
nm0004675,Phil Alden Robinson,1950,writer
nm0423333,Phil Joanou,1961,director
nm1601882,Phil Johnston,1971,writer
nm0520488,Phil Lord,1975,producer
nm0053028,Philip Barantini,1980,director
nm0041161,Philip G. Atwell,,director
nm0442241,Philip Kaufman,1936,writer
nm0637518,Phillip Noyce,1950,producer
nm1630273,Phyllida Lloyd,1957,director
nm0001596,Pier Paolo Pasolini,1922,writer
nm1853544,Pierre Coffin,1967,director
nm2966857,Pierre Leduc,,animation_department
nm0603628,Pierre Morel,1964,camera_department
nm2010048,Pierre Perifel,,animation_department
nm11813828,Pippa Ehrlich,,director
nm0685759,Pitof,1957,producer
nm0222150,Prabhu Deva,1973,actor
nm1272773,Prachya Pinkaew,1962,producer
nm6073824,Prashanth Neel,1980,writer
nm0031342,Predrag Antonijevic,1959,writer
nm0698184,Priyadarshan,1957,director
nm2575525,Pushkar,,writer
nm0000233,Quentin Tarantino,1963,writer
nm5945690,Qui Nguyen,,writer
nm2669564,R Balki,1964,writer
nm18314533,R. Nandhakumar,,director
nm0191712,R.J. Cutler,1962,producer
nm0753526,RZA,1969,actor
nm0003080,Rachel Talalay,1958,director
nm4761826,Radio Silence,,producer
nm0706485,Raghava Lawrence,1976,miscellaneous
nm9751348,Rahi Anil Barve,1979,director
nm1194320,Rahul Dholakia,,director
nm0331532,Raja Gosnell,1958,editor
nm1329166,Raja Menon,,writer
nm0386246,Rajkumar Hirani,1962,writer
nm0764316,Rajkumar Santoshi,1956,writer
nm1018493,Rakeysh Omprakash Mehra,1963,producer
nm0957798,Ralph Zondag,,art_department
nm6442107,Ram Kumar,1928,director
nm0401203,Raman Hui,1963,animation_department
nm0802693,Ramesh Sippy,1947,director
nm1023919,Ramin Bahrani,1975,producer
nm0712444,Rand Ravich,,writer
nm0459170,Randal Kleiser,1946,director
nm0051157,Randall Balsmeyer,,miscellaneous
nm0908824,Randall Wallace,1949,writer
nm1098493,Rawson Marshall Thurber,1975,director
nm4918648,Ray Mendoza,,director
nm1730221,Reid Carolin,1982,producer
nm3232264,Reinaldo Marcus Green,1981,director
nm3676311,Remi Weekes,,director
nm1150656,Remo D'Souza,1972,miscellaneous
nm0001317,Renny Harlin,1959,producer
nm0426059,Rian Johnson,1973,producer
nm0006846,Ric Roman Waugh,,producer
nm0601781,Rich Moore,1963,director
nm0000277,Richard Attenborough,1923,actor
nm1547964,Richard Ayoade,1977,actor
nm0000907,Richard Benjamin,1938,actor
nm0112218,Richard Brooks,1912,writer
nm0193485,Richard Curtis,1956,writer
nm0001149,Richard Donner,1930,director
nm0264236,Richard Eyre,1943,director
nm0281507,Richard Fleischer,1916,director
nm0322144,Richard Glatzer,1952,miscellaneous
nm0446819,Richard Kelly,1975,writer
nm0481418,Richard LaGravenese,1959,writer
nm0504513,Richard Lester,1932,director
nm0000500,Richard Linklater,1960,producer
nm0518644,Richard Loncraine,1946,director
nm0549658,Richard Marquand,1937,director
nm0723704,Richard Rich,,director
nm0770942,Richard Schenkman,,producer
nm0791672,Richard Shepard,1965,director
nm0822582,Richard Stanley,1966,writer
nm0861703,Richard Thorpe,1896,director
nm0266622,Rick Famuyiwa,1973,producer
nm0742819,Rick Rosenthal,1949,director
nm0315041,Ricky Gervais,1961,writer
nm0000631,Ridley Scott,1937,producer
nm6142895,Rishab Shetty,1988,actor
nm3592235,Ritesh Batra,1979,director
nm1012385,Roar Uthaug,1973,director
nm0101385,Rob Bowman,1960,producer
nm0122427,Rob Burnett,1962,producer
nm0003418,Rob Cohen,1949,producer
nm1224299,Rob Letterman,,writer
nm0551128,Rob Marshall,1960,director
nm1301035,Rob McKittrick,1973,writer
nm0591450,Rob Minkoff,1962,producer
nm0001661,Rob Reiner,1947,actor
nm3699074,Rob Savage,1992,director
nm0003343,Rob Schmidt,1965,director
nm0001705,Rob Schneider,1963,actor
nm0859432,Rob Thomas,1965,writer
nm0957772,Rob Zombie,1965,music_artist
nm0000736,Robert Aldrich,1918,director
nm0000265,Robert Altman,1925,director
nm0004332,Robert B. Weide,,producer
nm0000914,Robert Benton,1932,writer
nm0167195,Robert Clouse,1928,director
nm0000134,Robert De Niro,1943,actor
nm3211470,Robert Eggers,1983,production_designer
nm0363553,Robert Harmon,,director
nm0410769,Robert Iscove,,director
nm0448422,Robert Kenner,,producer
nm0519434,Robert Longo,1953,director
nm0520749,Robert Lorenz,,director
nm0525659,Robert Luketic,1973,director
nm0612322,Robert Mulligan,1925,director
nm1793586,Robert Olsen,,director
nm0700301,Robert Pulcini,1964,director
nm0000602,Robert Redford,1936,producer
nm0001675,Robert Rodriguez,1968,producer
nm0744035,Robert Rossen,1908,writer
nm0777881,Robert Schwentke,1968,writer
nm0829038,Robert Stevenson,1905,director
nm0834902,Robert Stromberg,,visual_effects
nm1074107,Robert Walker,1961,animation_department
nm0927468,Robert Wiene,1873,writer
nm0936404,Robert Wise,1914,director
nm0000709,Robert Zemeckis,1951,producer
nm0000905,Roberto Benigni,1952,actor
nm0362736,Robin Hardy,1929,actor
nm0608084,Rocky Morton,1955,director
nm0199722,Rod Daniel,1942,director
nm0527109,Rod Lurie,1962,producer
nm0281869,Rodman Flender,,director
nm0745247,Rodney Rothman,,writer
nm2140186,Rodo Sayagues,,producer
nm0181579,Rodrigo Cortés,1973,editor
nm0021249,Roger Allers,1949,director
nm0000812,Roger Avary,1965,producer
nm0002337,Roger Christian,1944,art_department
nm0002044,Roger Donaldson,1945,director
nm0474955,Roger Kumble,1966,director
nm0585011,Roger Michell,1956,director
nm0006854,Roger Spottiswoode,1945,director
nm1460159,Rohit Shetty,1974,writer
nm0000386,Roland Emmerich,1955,writer
nm0423646,Roland Joffé,1945,producer
nm0000591,Roman Polanski,1933,director
nm0166256,Ron Clements,1953,writer
nm0000165,Ron Howard,1954,producer
nm0005421,Ron Shelton,1945,writer
nm0881038,Ron Underwood,,director
nm0623768,Ronald Neame,1911,cinematographer
nm0215455,Ronnie Del Carmen,1959,art_department
nm0950553,Ronny Yu,1950,director
nm3819217,Rose Glass,1990,director
nm0541149,Rouben Mamoulian,1897,director
nm0423626,Rowan Joffe,1972,producer
nm0380705,Rowdy Herrington,1951,writer
nm0281508,Ruben Fleischer,1974,producer
nm1128037,Ruben Östlund,1974,director
nm0219959,Ruggero Deodato,1939,director
nm3734458,Rupert Goold,1972,director
nm2782185,Rupert Sanders,1971,director
nm0906548,Rupert Wainwright,,director
nm1012501,Rupert Wyatt,1972,producer
nm0000128,Russell Crowe,1964,actor
nm0611683,Russell Mulcahy,1953,director
nm0192090,Rusty Cundieff,1960,director
nm1735543,Ry Russo-Young,,director
nm3363032,Ryan Coogler,1986,producer
nm0281396,Ryan Fleck,1976,director
nm0614682,Ryan Murphy,1965,producer
nm0457565,Ryûhei Kitamura,1969,director
nm3152327,Ryûsuke Hamaguchi,1978,director
nm0951975,S. Craig Zahler,1973,writer
nm1237416,S.J. Clarkson,,director
nm1442514,S.S. Rajamouli,1973,writer
nm0315065,Sacha Gervasi,1966,writer
nm14731124,Sadaf Khan,,director
nm0618898,Sajid Nadiadwala,1966,producer
nm1322753,Sam Esmail,1977,producer
nm0271402,Sam Fell,1965,director
nm1092087,Sam Hargrave,,stunts
nm0505946,Sam J. Levine,1973,director
nm0515005,Sam Liu,,art_department
nm0005222,Sam Mendes,1965,producer
nm0001603,Sam Peckinpah,1925,writer
nm0000600,Sam Raimi,1959,producer
nm0853374,Sam Taylor-Johnson,1967,director
nm0918873,Sam Weisman,1947,director
nm0035899,Samuel Armstrong,1893,animation_department
nm1207904,Samuel Bayer,1962,director
nm9227039,Sandeep Reddy Vanga,1981,director
nm0080220,Sanjay Leela Bhansali,1963,producer
nm0001631,Sarah Polley,1979,actress
nm0809877,Sarah Smith,,producer
nm0464804,Satoshi Kon,1963,writer
nm1314116,Saul Dibb,1968,director
nm0390822,Savage Steve Holland,1960,animation_department
nm1399714,Scott Beck,1984,writer
nm0178376,Scott Cooper,1970,director
nm0220600,Scott Derrickson,1966,producer
nm0291082,Scott Frank,1960,writer
nm0382956,Scott Hicks,1953,director
nm0436284,Scott Kalvert,1964,director
nm1470993,Scott Mann,,director
nm0601859,Scott Moore,,writer
nm0608714,Scott Mosier,1971,producer
nm0761715,Scott Sanders,,writer
nm1228976,Scott Speer,,director
nm0829820,Scott Stewart,,director
nm1960428,Scott Walker,,director
nm0915304,Scott Waugh,1970,director
nm0007045,Scott Wiper,1970,writer
nm1994243,Scott Z. Burns,1962,writer
nm1890845,Sean Anders,,writer
nm0048918,Sean Baker,,writer
nm1699934,Sean Durkin,1981,producer
nm1193346,Sean Ellis,1970,director
nm0573732,Sean McNamara,1962,producer
nm0000576,Sean Penn,1960,actor
nm0192446,Sean S. Cunningham,1941,producer
nm0771923,Sebastian Schipper,1968,actor
nm0179542,Sebastián Cordero,1972,director
nm0091076,Sergei Bodrov,1948,writer
nm0001178,Sergei Eisenstein,1898,director
nm0001466,Sergio Leone,1929,assistant_director
nm0655053,Sergio Pablos,,writer
nm1164861,Seth Gordon,1974,producer
nm0532235,Seth MacFarlane,1973,writer
nm0736622,Seth Rogen,1982,producer
nm3868633,Severin Fiala,1985,director
nm3489851,Shaka King,1980,director
nm0009942,Shane Acker,,producer
nm0000948,Shane Black,1961,writer
nm1503403,Shane Carruth,1972,composer
nm0276349,Shane Meadows,1972,director
nm0075849,Shari Springer Berman,1963,director
nm0536632,Sharon Maguire,1960,director
nm15165811,Shashanka Chaturvedi,,director
nm0506613,Shawn Levy,1968,producer
nm0001408,Shekhar Kapur,1945,director
nm0024912,Shimit Amin,,sound_department
nm0913860,Shin'ichirô Watanabe,1965,writer
nm1999473,Shoojit Sircar,,director
nm0412517,Shunji Iwai,1963,writer
nm1561203,Shôgo Furuya,1969,animation_department
nm1571761,Sian Heder,1977,writer
nm1893457,Siddharth Anand,1978,writer
nm0002089,Sidney J. Furie,1933,director
nm0001486,Sidney Lumet,1924,director
nm0148116,Simon Cellan Jones,,director
nm0193508,Simon Curtis,1960,producer
nm0971239,Simon J. Smith,,producer
nm1334526,Simon Kinberg,1973,producer
nm2585406,Simon McQuoid,,director
nm1404307,Simon Stone,1984,actor
nm0920425,Simon Wells,1961,art_department
nm0922346,Simon West,1961,director
nm0934578,Simon Wincer,1943,director
nm0001068,Sofia Coppola,1971,director
nm1127632,Spencer Susser,1976,editor
nm0005069,Spike Jonze,1969,producer
nm0000490,Spike Lee,1957,director
nm3094978,Srdjan Spasojevic,1976,director
nm1437189,Sriram Raghavan,1963,writer
nm0002045,Stanley Donen,1924,director
nm0006452,Stanley Kramer,1913,producer
nm0000040,Stanley Kubrick,1928,writer
nm1356588,Stefano Sollima,1966,director
nm0266777,Stefen Fangmeier,1960,visual_effects
nm0254632,Stephan Elliott,1964,director
nm7067057,Stephanie Stine,,art_department
nm0154716,Stephen Chbosky,1970,writer
nm0158014,Stephen Chiodo,1954,miscellaneous
nm0159507,Stephen Chow,1962,actor
nm0197636,Stephen Daldry,1960,producer
nm0001241,Stephen Frears,1941,director
nm0300866,Stephen Gaghan,1965,writer
nm0378893,Stephen Herek,1958,producer
nm0384864,Stephen Hillenburg,1961,writer
nm0394280,Stephen Hopkins,,producer
nm0027459,Stephen J. Anderson,1970,animation_department
nm0450387,Stephen Kessler,,director
nm0580351,Stephen Merchant,1974,writer
nm0635759,Stephen Norrington,1964,special_effects
nm0814085,Stephen Sommers,1962,producer
nm0839660,Stephen Surjik,,director
nm0031078,Steve Antin,1958,actor
nm0006625,Steve Barron,1956,director
nm0065284,Steve Beck,,visual_effects
nm0070436,Steve Bendelack,,director
nm0101508,Steve Box,1967,director
nm0139867,Steve Carr,,director
nm9054338,Steve Hickner,,art_department
nm0553942,Steve Martino,1959,director
nm2588606,Steve McQueen,1969,director
nm0591171,Steve Miner,1951,director
nm0644203,Steve Oedekerk,1961,writer
nm0684336,Steve Pink,,director
nm0700760,Steve Purcell,,writer
nm1908892,Steve Saint Leger,,writer
nm0109359,Steven Brill,1962,writer
nm4023702,Steven Caple Jr.,1988,director
nm0211823,Steven E. de Souza,1947,writer
nm1140275,Steven Knight,1959,writer
nm0513974,Steven Lisberger,1951,writer
nm0702797,Steven Quale,,director
nm0003458,Steven R. Monroe,1964,director
nm0215299,Steven S. DeKnight,,producer
nm0787601,Steven Shainberg,1963,producer
nm0001752,Steven Soderbergh,1963,producer
nm0000229,Steven Spielberg,1946,producer
nm0925482,Stiles White,,writer
nm0000829,Stuart Baird,1947,editor
nm0064181,Stuart Beattie,,writer
nm0002340,Stuart Gordon,1947,writer
nm0371955,Stuart Hazeldine,1971,writer
nm3425513,Stuart Ortiz,,writer
nm0742341,Stuart Rosenberg,1927,director
nm1464314,Sudha Kongara,1989,writer
nm2298107,Sudipto Sen,,director
nm1223910,Sujoy Ghosh,1966,writer
nm1335875,Sukumar,1971,writer
nm4810022,Sunghoo Park,,director
nm0426287,Susan Johnson,,director
nm2573005,Susanna Fogel,1980,writer
nm0081540,Susanne Bier,1960,director
nm7507669,Sushma Sunam,,miscellaneous
nm0001628,Sydney Pollack,1934,director
nm0158984,Sylvain Chomet,1963,director
nm1234893,Sylvain White,1971,director
nm0000230,Sylvester Stallone,1946,actor
nm0373429,T. Hee,1911,writer
nm18314534,T. Suresh,,director
nm4377096,T.J. Gnanavel,,director
nm0169806,Taika Waititi,1975,producer
nm0586281,Takashi Miike,1960,director
nm1234345,Takashi Shimizu,1972,director
nm0945724,Takashi Yamazaki,1964,producer
nm0001429,Takeshi Kitano,1947,actor
nm1481959,Takeshi Nozue,,visual_effects
nm0205542,Tamra Davis,1962,director
nm0802248,Tarsem Singh,1961,director
nm0853238,Tate Taylor,1969,producer
nm4181283,Tatsuya Yoshihara,1988,director
nm0000431,Taylor Hackford,1944,producer
nm0792263,Taylor Sheridan,1969,writer
nm0075859,Ted Berman,1919,writer
nm0001130,Ted Demme,1963,director
nm0467646,Ted Kotcheff,1931,producer
nm0692872,Ted Post,1918,director
nm0950109,Terence Young,1915,director
nm0000517,Terrence Malick,1943,producer
nm0313623,Terry George,1952,writer
nm0000416,Terry Gilliam,1940,director
nm0001402,Terry Jones,1942,writer
nm0959062,Terry Zwigoff,1949,director
nm0634602,Tetsuya Nomura,1970,animation_department
nm4155547,The Vicious Brothers,,writer
nm4824763,Thea Sharrock,,director
nm0577647,Theodore Melfi,,producer
nm0080120,Thomas Bezucha,,producer
nm0141961,Thomas Carter,1953,director
nm0345307,Thomas Guard,,director
nm2371802,Thomas Kail,,producer
nm0899121,Thomas Vinterberg,1969,director
nm0294457,Thor Freudenthal,,director
nm1488800,Ti West,1980,director
nm0000318,Tim Burton,1958,producer
nm0384722,Tim Hill,1958,writer
nm0426333,Tim Johnson,,director
nm0564827,Tim McCanlies,1953,writer
nm1783265,Tim Miller,1964,producer
nm0000209,Tim Robbins,1958,actor
nm1103162,Tim Story,1970,director
nm3464186,Timo Tjahjanto,,director
nm1993322,Timo Vuorensola,1979,director
nm0067457,Timur Bekmambetov,1961,producer
nm0001361,Tobe Hooper,1943,director
nm2105585,Tobias Lindholm,1977,writer
nm0115218,Tod Browning,1880,director
nm0931095,Tod Williams,1968,director
nm0250410,Todd Edwards,1971,writer
nm0276062,Todd Field,,director
nm0001331,Todd Haynes,1961,director
nm0680846,Todd Phillips,1970,producer
nm0001754,Todd Solondz,1959,director
nm0833889,Todd Strauss-Schulson,1980,director
nm0103744,Tom Brady,,producer
nm0223359,Tom Dey,1965,director
nm1053530,Tom Ford,1961,director
nm3437361,Tom George,,director
nm3230448,Tom Gormican,1980,writer
nm0338381,Tom Green,1971,producer
nm0000158,Tom Hanks,1956,producer
nm2197777,Tom Harper,1980,director
nm0276169,Tom Holland,1943,actor
nm0393799,Tom Hooper,1972,director
nm0565336,Tom McCarthy,1966,producer
nm0569891,Tom McGrath,1964,director
nm0572951,Tom McLoughlin,1950,writer
nm0001723,Tom Shadyac,1958,producer
nm1519353,Tom Six,1973,director
nm0878756,Tom Tykwer,1965,writer
nm0891114,Tom Vaughan,1969,director
nm0019247,Tomas Alfredson,1965,director
nm1372836,Tomasz Mandes,1976,actor
nm1119079,Tomm Moore,1977,producer
nm0908890,Tommy Lee Wallace,1949,writer
nm0641373,Tommy O'Haver,1968,director
nm2482088,Tommy Wirkola,1979,writer
nm1382072,Tommy Wiseau,,writer
nm0051643,Tony Bancroft,1967,animation_department
nm0317638,Tony Giglio,,director
nm0006904,Tony Gilroy,1956,writer
nm0443411,Tony Kaye,1952,director
nm0498555,Tony Leech,,writer
nm1902232,Tony Leondis,,miscellaneous
nm0709752,Tony Randel,1956,editor
nm0001716,Tony Scott,1944,producer
nm1325899,Travis Knight,1973,director
nm4099092,Trey Edward Shults,1988,director
nm0005295,Trey Parker,1969,music_department
nm2586324,Trish Sie,,director
nm0240627,Troy Duffy,1971,writer
nm2552536,Troy Nixey,1972,director
nm0702863,Troy Quane,,director
nm2262547,Tushar Jalota,,assistant_director
nm2419470,Tyler Gillett,1982,director
nm2436566,Tyler Nilson,1981,director
nm2634746,Tyler Spindel,,producer
nm1084488,Umesh Shukla,,writer
nm0093051,Uwe Boll,1965,producer
nm1166926,Vadim Perelman,1963,director
nm0267512,Valerie Faris,1958,director
nm1072411,Veronika Franz,1965,writer
nm0421776,Vicky Jenson,,writer
nm0281808,Victor Fleming,1889,director
nm0759207,Victor Salva,1958,writer
nm0006765,Vidhu Vinod Chopra,1952,writer
nm1715502,Vijay Krishna Acharya,,director
nm2134474,Vikas Bahl,1971,writer
nm0319213,Vince Gilligan,1967,producer
nm1479803,Vince Marcello,,director
nm0001252,Vincent Gallo,1961,actor
nm1749112,Vincent Paronnaud,1970,writer
nm0911910,Vincent Ward,1956,director
nm0622112,Vincenzo Natali,1969,art_department
nm1150959,Vipul Amrutlal Shah,1973,producer
nm0080235,Vishal Bhardwaj,1965,composer
nm3315387,Vishnuvardhan,1976,director
nm0001120,Vittorio De Sica,1901,actor
nm1892252,Vivek Agnihotri,1973,writer
nm0609944,Wagner Moura,1976,actor
nm0490487,Wai Keung Lau,1960,cinematographer
nm0002892,Wally Pfister,1961,cinematographer
nm0065608,Walt Becker,1968,director
nm0230666,Walt Dohrn,1970,writer
nm0001353,Walter Hill,1942,producer
nm0758574,Walter Salles,1956,director
nm0000886,Warren Beatty,1937,actor
nm0171253,Warren Coleman,,writer
nm0922903,Wash Westmoreland,,director
nm0469694,Wayne Kramer,1965,writer
nm0911061,Wayne Wang,1949,director
nm0422638,Wen Jiang,1963,actor
nm0001348,Werner Herzog,1942,director
nm0027572,Wes Anderson,1969,director
nm1226871,Wes Ball,1980,art_department
nm0000127,Wes Craven,1939,writer
nm0414144,Wilfred Jackson,1906,director
nm0323239,Will Gluck,1978,director
nm2455747,Will Graham,,director
nm4148345,Will Merrick,,editor
nm0817447,Will Speck,,director
nm0404754,Willard Huyck,1945,writer
nm0068587,William Brent Bell,,director
nm0183183,William Cottrell,1906,camera_department
nm1827931,William Eubank,1982,cinematographer
nm0001243,William Friedkin,1935,director
nm0445033,William Keighley,1889,director
nm0540532,William Malone,1953,director
nm1184258,William Monahan,1960,writer
nm0000638,William Shatner,1931,actor
nm0943758,William Wyler,1902,director
nm0948159,Wilson Yip,,director
nm0000694,Wim Wenders,1945,director
nm0065615,Wolfgang Becker,1954,director
nm0000583,Wolfgang Petersen,1941,director
nm0718627,Wolfgang Reitherman,1909,animation_department
nm0939182,Wong Kar-Wai,1958,director
nm0000095,Woody Allen,1935,writer
nm0230859,Xavier Dolan,1989,miscellaneous
nm1164755,Xavier Gens,1975,director
nm0658837,Xavier Palud,1970,director
nm1312919,Yann Demange,,producer
nm1077168,Yann Samuell,1965,director
nm0155528,Yarrow Cheney,1973,animation_department
nm0007181,Yash Chopra,1932,producer
nm0654868,Yasujirō Ozu,1903,writer
nm0877078,Yavuz Turgul,1946,writer
nm3613566,Yeon Sang-ho,1978,director
nm0955443,Yimou Zhang,1951,director
nm2375643,Yoann-Karl Whissell,,actor
nm3447602,Yolanda Ramke,,writer
nm0487166,Yorgos Lanthimos,1973,director
nm0464911,Yoshifumi Kondô,1950,animation_department
nm1988172,Yoshiyuki Takei,,director
nm0040939,Yvan Attal,1965,actor
nm0438394,Yvette Kaplan,1955,director
nm0847690,Yôjirô Takita,1955,director
nm0103785,Zach Braff,1975,actor
nm1199107,Zach Cregger,1981,actor
nm0513554,Zach Lipovsky,,director
nm0811583,Zack Snyder,1966,director
nm1991847,Zak Hilditch,,director
nm2610231,Zal Batmanglij,1981,writer
nm0882203,Zaza Urushadze,1965,director
nm0015295,Zoya Akhtar,1972,writer
nm2368789,Zoë Kravitz,1988,actress
nm1883612,Àlex Pastor,1981,writer
nm1463981,Çagan Irmak,1970,director
nm0865918,Éric Toledano,1971,writer
nm0814716,Ömer Faruk Sorak,1964,director
